Graz-N (LUTE);;
;;
"LUTE (Lufttemperatur) [°;C]";;
;;
Datum;Uhrzeit;Wert
05.05.25;00:30;12,358179
05.05.25;01:30;12,015407
05.05.25;02:30;11,513243
05.05.25;03:30;11,070553
05.05.25;04:30;10,392696
05.05.25;05:30;9,256892
05.05.25;06:30;8,769846
05.05.25;07:30;8,856203
05.05.25;08:30;8,909779
05.05.25;09:30;9,062187
05.05.25;10:30;9,249498
05.05.25;11:30;9,243104
05.05.25;12:30;9,271887
05.05.25;13:30;9,273346
05.05.25;14:30;9,304707
05.05.25;15:30;9,392092
05.05.25;16:30;9,619671
05.05.25;17:30;9,946836
05.05.25;18:30;9,956914
05.05.25;19:30;9,8987255
05.05.25;20:30;9,924067
05.05.25;21:30;9,623331
05.05.25;22:30;9,43573
05.05.25;23:30;9,224056
06.05.25;00:30;9,243519
06.05.25;01:30;9,302648
06.05.25;02:30;9,247554
06.05.25;03:30;9,025475
06.05.25;04:30;8,865072
06.05.25;05:30;8,721664
06.05.25;06:30;8,8497715
06.05.25;07:30;9,120039
06.05.25;08:30;9,709432
06.05.25;09:30;10,139715
06.05.25;10:30;10,76708
06.05.25;11:30;10,967068
06.05.25;12:30;11,404005
06.05.25;13:30;11,266954
06.05.25;14:30;10,939299
06.05.25;15:30;10,739794
06.05.25;16:30;11,072602
06.05.25;17:30;10,902206
06.05.25;18:30;10,3343315
06.05.25;19:30;10,094809
06.05.25;20:30;9,749968
06.05.25;21:30;9,386261
06.05.25;22:30;9,296923
06.05.25;23:30;9,215632
07.05.25;00:30;8,844145
07.05.25;01:30;8,569717
07.05.25;02:30;8,523161
07.05.25;03:30;8,474251
07.05.25;04:30;8,452866
07.05.25;05:30;8,536439
07.05.25;06:30;8,727509
07.05.25;07:30;9,426526
07.05.25;08:30;10,314031
07.05.25;09:30;11,317446
07.05.25;10:30;11,694135
07.05.25;11:30;12,122209
07.05.25;12:30;12,154299
07.05.25;13:30;12,175009
07.05.25;14:30;12,177002
07.05.25;15:30;11,832333
07.05.25;16:30;11,080555
07.05.25;17:30;11,254959
07.05.25;18:30;10,713013
07.05.25;19:30;10,278326
07.05.25;20:30;10,161839
07.05.25;21:30;10,053199
07.05.25;22:30;9,832999
07.05.25;23:30;9,617035
08.05.25;00:30;9,532135
08.05.25;01:30;9,1564865
08.05.25;02:30;9,102179
08.05.25;03:30;9,203176
08.05.25;04:30;9,118479
08.05.25;05:30;9,130774
08.05.25;06:30;9,051056
08.05.25;07:30;9,548117
08.05.25;08:30;10,423225
08.05.25;09:30;10,830203
08.05.25;10:30;10,637556
08.05.25;11:30;10,618116
08.05.25;12:30;10,823366
08.05.25;13:30;11,249834
08.05.25;14:30;10,551878
08.05.25;15:30;10,919559
08.05.25;16:30;11,267928
08.05.25;17:30;11,137574
08.05.25;18:30;10,7646475
08.05.25;19:30;10,219125
08.05.25;20:30;9,762072
08.05.25;21:30;9,611927
08.05.25;22:30;9,437494
08.05.25;23:30;9,186966
09.05.25;00:30;9,0394125
09.05.25;01:30;8,921909
09.05.25;02:30;8,8010435
09.05.25;03:30;8,623558
09.05.25;04:30;8,13731
09.05.25;05:30;8,103235
09.05.25;06:30;8,181463
09.05.25;07:30;8,535393
09.05.25;08:30;9,134891
09.05.25;09:30;9,831878
09.05.25;10:30;10,48378
09.05.25;11:30;11,614712
09.05.25;12:30;12,071708
09.05.25;13:30;12,152414
09.05.25;14:30;11,95669
09.05.25;15:30;11,979254
09.05.25;16:30;11,4256525
09.05.25;17:30;10,941927
09.05.25;18:30;10,70047
09.05.25;19:30;10,327486
09.05.25;20:30;9,995922
09.05.25;21:30;9,789398
09.05.25;22:30;9,498886
09.05.25;23:30;9,36746
10.05.25;00:30;9,186819
10.05.25;01:30;8,8820715
10.05.25;02:30;8,478456
10.05.25;03:30;8,67177
10.05.25;04:30;8,696177
10.05.25;05:30;8,321457
10.05.25;06:30;8,477831
10.05.25;07:30;9,958879
10.05.25;08:30;11,890118
10.05.25;09:30;12,634011
10.05.25;10:30;13,73963
10.05.25;11:30;14,447331
10.05.25;12:30;15,60005
10.05.25;13:30;16,668617
10.05.25;14:30;17,14225
10.05.25;15:30;17,602394
10.05.25;16:30;17,966309
10.05.25;17:30;17,969158
10.05.25;18:30;17,445198
10.05.25;19:30;15,988455
10.05.25;20:30;12,97755
10.05.25;21:30;10,783143
10.05.25;22:30;9,800143
10.05.25;23:30;9,047764
11.05.25;00:30;8,428184
11.05.25;01:30;7,763583
11.05.25;02:30;7,32827
11.05.25;03:30;7,1721363
11.05.25;04:30;7,1269445
11.05.25;05:30;8,048344
11.05.25;06:30;9,598227
11.05.25;07:30;12,062576
11.05.25;08:30;14,714422
11.05.25;09:30;16,384308
11.05.25;10:30;17,95477
11.05.25;11:30;18,303669
11.05.25;12:30;17,743437
11.05.25;13:30;18,248363
11.05.25;14:30;18,307768
11.05.25;15:30;17,849396
11.05.25;16:30;17,300362
11.05.25;17:30;17,095484
11.05.25;18:30;16,052753
11.05.25;19:30;15,048913
11.05.25;20:30;14,589178
11.05.25;21:30;14,306498
11.05.25;22:30;13,914288
11.05.25;23:30;13,409759
12.05.25;00:30;12,99423
12.05.25;01:30;12,539161
12.05.25;02:30;12,238256
12.05.25;03:30;11,951645
12.05.25;04:30;11,704915
12.05.25;05:30;11,767278
12.05.25;06:30;12,152278
12.05.25;07:30;12,571775
12.05.25;08:30;13,01472
12.05.25;09:30;13,197165
12.05.25;10:30;13,902258
12.05.25;11:30;14,9754
12.05.25;12:30;15,522983
12.05.25;13:30;15,851997
12.05.25;14:30;16,289812
12.05.25;15:30;16,393742
12.05.25;16:30;16,575958
12.05.25;17:30;15,97442
12.05.25;18:30;15,596333
12.05.25;19:30;14,98745
12.05.25;20:30;14,448172
12.05.25;21:30;14,006023
12.05.25;22:30;13,624132
12.05.25;23:30;13,151718
13.05.25;00:30;12,505899
13.05.25;01:30;12,118517
13.05.25;02:30;11,614918
13.05.25;03:30;11,612061
13.05.25;04:30;11,45675
13.05.25;05:30;10,773035
13.05.25;06:30;11,046561
13.05.25;07:30;11,8905
13.05.25;08:30;13,416483
13.05.25;09:30;13,893291
13.05.25;10:30;14,68606
13.05.25;11:30;15,155145
13.05.25;12:30;15,813925
13.05.25;13:30;17,016949
13.05.25;14:30;17,612648
13.05.25;15:30;17,23817
13.05.25;16:30;17,770344
13.05.25;17:30;17,685928
13.05.25;18:30;17,182602
13.05.25;19:30;16,385147
13.05.25;20:30;15,673433
13.05.25;21:30;14,864325
13.05.25;22:30;13,884102
13.05.25;23:30;13,161488
14.05.25;00:30;12,130649
14.05.25;01:30;11,555326
14.05.25;02:30;11,051422
14.05.25;03:30;9,739813
14.05.25;04:30;8,621344
14.05.25;05:30;8,310236
14.05.25;06:30;9,984764
14.05.25;07:30;11,75425
14.05.25;08:30;14,162085
14.05.25;09:30;16,206554
14.05.25;10:30;17,494095
14.05.25;11:30;18,567734
14.05.25;12:30;19,775734
14.05.25;13:30;20,385223
14.05.25;14:30;20,969488
14.05.25;15:30;21,70003
14.05.25;16:30;21,804775
14.05.25;17:30;21,476734
14.05.25;18:30;20,826958
14.05.25;19:30;18,910828
14.05.25;20:30;16,191608
14.05.25;21:30;13,964098
14.05.25;22:30;12,801632
14.05.25;23:30;12,370253
15.05.25;00:30;11,450172
15.05.25;01:30;10,686302
15.05.25;02:30;9,895286
15.05.25;03:30;9,461252
15.05.25;04:30;8,939786
15.05.25;05:30;8,984518
15.05.25;06:30;9,762873
15.05.25;07:30;11,226822
15.05.25;08:30;12,853372
15.05.25;09:30;14,801265
15.05.25;10:30;15,688654
15.05.25;11:30;17,2156
15.05.25;12:30;18,1223
15.05.25;13:30;17,227768
15.05.25;14:30;15,560133
15.05.25;15:30;15,482094
15.05.25;16:30;14,878056
15.05.25;17:30;14,025212
15.05.25;18:30;14,022854
15.05.25;19:30;12,81406
15.05.25;20:30;11,125223
15.05.25;21:30;9,473385
15.05.25;22:30;8,677273
15.05.25;23:30;8,218335
16.05.25;00:30;8,286829
16.05.25;01:30;8,17652
16.05.25;02:30;7,984619
16.05.25;03:30;7,240073
16.05.25;04:30;6,2179637
16.05.25;05:30;5,8943396
16.05.25;06:30;7,312276
16.05.25;07:30;9,433718
16.05.25;08:30;12,199725
16.05.25;09:30;14,028461
16.05.25;10:30;14,046986
16.05.25;11:30;14,026404
16.05.25;12:30;15,247682
16.05.25;13:30;15,348249
16.05.25;14:30;16,124166
16.05.25;15:30;16,078415
16.05.25;16:30;16,464062
16.05.25;17:30;15,702301
16.05.25;18:30;14,13689
16.05.25;19:30;11,5775795
16.05.25;20:30;10,760256
16.05.25;21:30;10,166952
16.05.25;22:30;9,740647
16.05.25;23:30;8,951912
17.05.25;00:30;8,048562
17.05.25;01:30;7,071495
17.05.25;02:30;6,540397
17.05.25;03:30;6,4622173
17.05.25;04:30;6,685955
17.05.25;05:30;6,779751
17.05.25;06:30;7,239024
17.05.25;07:30;8,160971
17.05.25;08:30;9,743507
17.05.25;09:30;12,588499
17.05.25;10:30;14,422749
17.05.25;11:30;15,776728
17.05.25;12:30;15,9148855
17.05.25;13:30;15,9618435
17.05.25;14:30;16,373253
17.05.25;15:30;16,302788
17.05.25;16:30;16,408436
17.05.25;17:30;16,850996
17.05.25;18:30;16,532164
17.05.25;19:30;15,075961
17.05.25;20:30;13,346609
17.05.25;21:30;12,326851
17.05.25;22:30;11,31254
17.05.25;23:30;11,72853
18.05.25;00:30;11,345875
18.05.25;01:30;10,782064
18.05.25;02:30;10,134367
18.05.25;03:30;9,19641
18.05.25;04:30;8,55028
18.05.25;05:30;8,49107
18.05.25;06:30;9,291457
18.05.25;07:30;10,336862
18.05.25;08:30;11,896717
18.05.25;09:30;16,05112
18.05.25;10:30;16,465006
18.05.25;11:30;15,7957
18.05.25;12:30;16,901295
18.05.25;13:30;19,029797
18.05.25;14:30;20,005386
18.05.25;15:30;20,434914
18.05.25;16:30;20,914665
18.05.25;17:30;20,478409
18.05.25;18:30;18,26018
18.05.25;19:30;15,908314
18.05.25;20:30;14,580246
18.05.25;21:30;13,3435545
18.05.25;22:30;12,479303
18.05.25;23:30;11,099606
19.05.25;00:30;9,938368
19.05.25;01:30;9,174368
19.05.25;02:30;8,516904
19.05.25;03:30;8,052378
19.05.25;04:30;7,740753
19.05.25;05:30;7,7818136
19.05.25;06:30;9,481491
19.05.25;07:30;10,655972
19.05.25;08:30;14,541471
19.05.25;09:30;17,9631
19.05.25;10:30;19,467865
19.05.25;11:30;20,32383
19.05.25;12:30;21,539804
19.05.25;13:30;22,27024
19.05.25;14:30;23,208866
19.05.25;15:30;23,425404
19.05.25;16:30;24,019417
19.05.25;17:30;23,4384
19.05.25;18:30;22,272678
19.05.25;19:30;19,423893
19.05.25;20:30;17,204628
19.05.25;21:30;15,6429825
19.05.25;22:30;13,475248
19.05.25;23:30;11,848116
20.05.25;00:30;10,846787
20.05.25;01:30;10,323269
20.05.25;02:30;9,751647
20.05.25;03:30;9,225735
20.05.25;04:30;8,751432
20.05.25;05:30;8,854469
20.05.25;06:30;11,000208
20.05.25;07:30;13,593199
20.05.25;08:30;15,218022
20.05.25;09:30;17,100952
20.05.25;10:30;18,272
20.05.25;11:30;19,406963
20.05.25;12:30;20,557907
20.05.25;13:30;21,203182
20.05.25;14:30;21,605886
20.05.25;15:30;21,349804
20.05.25;16:30;21,233427
20.05.25;17:30;21,129711
20.05.25;18:30;19,663734
20.05.25;19:30;17,144115
20.05.25;20:30;16,215242
20.05.25;21:30;15,962944
20.05.25;22:30;15,492851
20.05.25;23:30;15,556668
21.05.25;00:30;15,220108
21.05.25;01:30;14,348442
21.05.25;02:30;14,215195
21.05.25;03:30;14,008877
21.05.25;04:30;13,704575
21.05.25;05:30;13,570841
21.05.25;06:30;14,144822
21.05.25;07:30;14,678436
21.05.25;08:30;14,935995
21.05.25;09:30;15,771935
21.05.25;10:30;17,21848
21.05.25;11:30;18,48597
21.05.25;12:30;19,202616
21.05.25;13:30;18,77418
21.05.25;14:30;19,086359
21.05.25;15:30;19,183807
21.05.25;16:30;20,038979
21.05.25;17:30;19,586857
21.05.25;18:30;18,966236
21.05.25;19:30;14,996643
21.05.25;20:30;14,201729
21.05.25;21:30;13,857173
21.05.25;22:30;13,389691
21.05.25;23:30;12,835009
22.05.25;00:30;12,505028
22.05.25;01:30;12,396876
22.05.25;02:30;11,920326
22.05.25;03:30;11,731593
22.05.25;04:30;12,616332
22.05.25;05:30;12,242667
22.05.25;06:30;12,432891
22.05.25;07:30;13,383949
22.05.25;08:30;14,103161
22.05.25;10:30;16,485537
22.05.25;11:30;16,965263
22.05.25;12:30;16,937695
22.05.25;13:30;17,351315
22.05.25;14:30;17,470154
22.05.25;15:30;16,58695
22.05.25;16:30;16,372143
22.05.25;17:30;16,532019
22.05.25;18:30;15,1167345
22.05.25;19:30;12,894953
22.05.25;20:30;12,532938
22.05.25;21:30;11,882185
22.05.25;22:30;11,425846
22.05.25;23:30;10,955668
23.05.25;00:30;10,879578
23.05.25;01:30;10,664284
23.05.25;02:30;10,173578
23.05.25;03:30;9,67641
23.05.25;04:30;9,4061775
23.05.25;05:30;9,207991
23.05.25;06:30;9,274975
23.05.25;07:30;9,211845
23.05.25;08:30;9,816273
23.05.25;09:30;10,731717
23.05.25;10:30;11,197388
23.05.25;11:30;11,675011
23.05.25;12:30;13,021951
23.05.25;13:30;12,591362
23.05.25;14:30;13,056352
23.05.25;15:30;13,920959
23.05.25;16:30;14,08143
23.05.25;17:30;13,358906
23.05.25;18:30;12,885918
23.05.25;19:30;12,385615
23.05.25;20:30;10,942334
23.05.25;21:30;10,218109
23.05.25;22:30;9,905615
23.05.25;23:30;9,900916
24.05.25;00:30;9,264962
24.05.25;01:30;8,167668
24.05.25;02:30;7,218482
24.05.25;03:30;6,6402817
24.05.25;04:30;6,0430236
24.05.25;05:30;6,0459757
24.05.25;06:30;7,984584
24.05.25;07:30;10,544728
24.05.25;08:30;13,391493
24.05.25;09:30;14,462242
24.05.25;10:30;14,957201
24.05.25;11:30;16,347065
24.05.25;12:30;16,821516
24.05.25;13:30;17,423878
24.05.25;14:30;17,36686
24.05.25;15:30;17,531334
24.05.25;16:30;17,634972
24.05.25;17:30;17,162058
24.05.25;18:30;16,456415
24.05.25;19:30;15,166058
24.05.25;20:30;13,416595
24.05.25;21:30;11,228537
24.05.25;22:30;9,7706585
24.05.25;23:30;8,864973
25.05.25;00:30;8,275943
25.05.25;01:30;7,437994
25.05.25;02:30;6,8926725
25.05.25;03:30;6,4207664
25.05.25;04:30;6,07555
25.05.25;05:30;6,7101917
25.05.25;06:30;8,949446
25.05.25;07:30;10,855463
25.05.25;08:30;13,53417
25.05.25;09:30;15,455152
25.05.25;10:30;17,188862
25.05.25;11:30;18,573471
25.05.25;12:30;17,890873
25.05.25;13:30;17,95209
25.05.25;14:30;17,854568
25.05.25;15:30;17,780811
25.05.25;16:30;17,718779
25.05.25;17:30;17,845049
25.05.25;18:30;17,573612
25.05.25;19:30;16,835552
25.05.25;20:30;15,547045
25.05.25;21:30;14,599307
25.05.25;22:30;13,687069
25.05.25;23:30;13,042627
26.05.25;00:30;12,668201
26.05.25;01:30;12,396203
26.05.25;02:30;12,192795
26.05.25;03:30;11,9729
26.05.25;04:30;11,207793
26.05.25;05:30;11,571668
26.05.25;06:30;12,623133
26.05.25;07:30;13,964309
26.05.25;08:30;16,729755
26.05.25;09:30;18,005112
26.05.25;10:30;19,457611
26.05.25;11:30;20,294676
26.05.25;12:30;21,013046
26.05.25;13:30;23,154999
26.05.25;14:30;23,31349
26.05.25;15:30;23,556564
26.05.25;16:30;22,58771
26.05.25;17:30;20,605011
26.05.25;18:30;20,946892
26.05.25;19:30;19,68888
26.05.25;20:30;18,069658
26.05.25;21:30;15,9281
26.05.25;22:30;14,881985
26.05.25;23:30;14,083371
27.05.25;00:30;13,51071
27.05.25;01:30;13,383539
27.05.25;02:30;12,142332
27.05.25;03:30;11,244606
27.05.25;04:30;10,253836
27.05.25;05:30;10,440874
27.05.25;06:30;12,539001
27.05.25;07:30;13,762884
27.05.25;08:30;17,284683
27.05.25;09:30;19,575249
27.05.25;10:30;20,030975
27.05.25;11:30;20,767479
27.05.25;12:30;21,563198
27.05.25;13:30;21,90628
27.05.25;14:30;22,314312
27.05.25;15:30;22,68774
27.05.25;16:30;22,50503
27.05.25;17:30;21,979774
27.05.25;18:30;21,068525
27.05.25;19:30;20,112045
27.05.25;20:30;18,951406
27.05.25;21:30;17,525215
27.05.25;22:30;15,923778
27.05.25;23:30;14,145433
28.05.25;00:30;13,038527
28.05.25;01:30;11,811535
28.05.25;02:30;11,063341
28.05.25;03:30;10,318446
28.05.25;04:30;9,7684
28.05.25;05:30;9,964462
28.05.25;06:30;11,647771
28.05.25;07:30;14,109176
28.05.25;08:30;17,171001
28.05.25;09:30;18,956783
28.05.25;10:30;19,625671
28.05.25;11:30;20,153038
28.05.25;12:30;20,352139
28.05.25;13:30;21,25821
28.05.25;14:30;21,7105
28.05.25;15:30;21,6832
28.05.25;16:30;22,023905
28.05.25;17:30;21,354923
28.05.25;18:30;20,502672
28.05.25;19:30;19,01302
28.05.25;20:30;19,02358
28.05.25;21:30;18,189236
28.05.25;22:30;16,477852
28.05.25;23:30;14,723874
29.05.25;00:30;13,200065
29.05.25;01:30;12,458416
29.05.25;02:30;12,495434
29.05.25;03:30;13,055394
29.05.25;04:30;13,370426
29.05.25;05:30;12,871801
29.05.25;06:30;14,116232
29.05.25;07:30;16,314785
29.05.25;08:30;16,888226
29.05.25;09:30;16,87602
29.05.25;10:30;18,837126
29.05.25;11:30;20,549147
29.05.25;12:30;21,293991
29.05.25;13:30;21,377377
29.05.25;14:30;20,750095
29.05.25;15:30;21,245903
29.05.25;16:30;20,234463
29.05.25;17:30;18,888136
29.05.25;18:30;18,61871
29.05.25;19:30;17,52052
29.05.25;20:30;16,246197
29.05.25;21:30;15,052441
29.05.25;22:30;14,154201
29.05.25;23:30;13,500969
30.05.25;00:30;13,334585
30.05.25;01:30;13,408449
30.05.25;02:30;13,379358
30.05.25;03:30;13,3175125
30.05.25;04:30;13,1190605
30.05.25;05:30;13,1982565
30.05.25;06:30;13,26499
30.05.25;07:30;13,594947
30.05.25;08:30;14,617065
30.05.25;09:30;16,53269
30.05.25;10:30;17,390686
30.05.25;11:30;18,504925
30.05.25;12:30;20,71998
30.05.25;13:30;22,860231
30.05.25;14:30;24,402973
30.05.25;15:30;25,012201
30.05.25;16:30;24,727684
30.05.25;17:30;24,448904
30.05.25;18:30;23,513678
30.05.25;19:30;22,458105
30.05.25;20:30;19,864046
30.05.25;21:30;17,817238
30.05.25;22:30;16,043686
30.05.25;23:30;14,742746
31.05.25;00:30;14,177343
31.05.25;01:30;13,477396
31.05.25;02:30;13,230719
31.05.25;03:30;13,014778
31.05.25;04:30;12,910182
31.05.25;05:30;13,870347
31.05.25;06:30;15,789835
31.05.25;07:30;18,648567
31.05.25;08:30;20,778025
31.05.25;09:30;23,330318
31.05.25;10:30;24,981703
31.05.25;11:30;25,846205
31.05.25;12:30;26,737251
31.05.25;13:30;27,45367
31.05.25;14:30;27,875439
31.05.25;15:30;28,405258
31.05.25;16:30;28,336765
31.05.25;17:30;27,733355
31.05.25;18:30;26,740925
31.05.25;19:30;25,548943
31.05.25;20:30;23,350025
31.05.25;21:30;21,203865
31.05.25;22:30;19,099949
31.05.25;23:30;18,05544
01.06.25;00:30;17,346283
01.06.25;01:30;16,656546
01.06.25;02:30;16,066357
01.06.25;03:30;15,620409
01.06.25;04:30;15,275362
01.06.25;05:30;15,594095
01.06.25;06:30;17,55476
01.06.25;07:30;19,85559
01.06.25;08:30;22,073715
01.06.25;09:30;24,010553
01.06.25;10:30;25,522469
01.06.25;11:30;26,67363
01.06.25;12:30;27,884937
01.06.25;13:30;28,633516
01.06.25;14:30;28,576637
01.06.25;15:30;26,950218
01.06.25;16:30;23,181484
01.06.25;17:30;21,607964
01.06.25;18:30;21,127419
01.06.25;19:30;17,937355
01.06.25;20:30;16,949064
01.06.25;21:30;17,105154
01.06.25;22:30;17,003094
01.06.25;23:30;16,642176
02.06.25;00:30;16,562042
02.06.25;01:30;16,091808
02.06.25;02:30;16,090721
02.06.25;03:30;15,84107
02.06.25;04:30;15,925983
02.06.25;05:30;15,5108385
02.06.25;06:30;17,13409
02.06.25;07:30;19,800604
02.06.25;08:30;20,920794
02.06.25;09:30;21,416912
02.06.25;10:30;23,329906
02.06.25;11:30;24,992691
02.06.25;12:30;26,635696
02.06.25;13:30;27,488247
02.06.25;14:30;28,260326
02.06.25;15:30;28,727478
02.06.25;16:30;26,541939
02.06.25;17:30;19,217531
02.06.25;18:30;19,634533
02.06.25;19:30;19,97469
02.06.25;20:30;19,729797
02.06.25;21:30;19,494732
02.06.25;22:30;19,76951
02.06.25;23:30;19,93432
03.06.25;00:30;19,516716
03.06.25;01:30;17,801453
03.06.25;02:30;17,39721
03.06.25;03:30;17,028688
03.06.25;04:30;16,799099
03.06.25;05:30;16,863325
03.06.25;06:30;17,23291
03.06.25;07:30;16,803497
03.06.25;08:30;18,322887
03.06.25;09:30;19,349113
03.06.25;10:30;19,458794
03.06.25;11:30;18,324535
03.06.25;12:30;18,751669
03.06.25;13:30;21,236622
03.06.25;14:30;21,63589
03.06.25;15:30;21,836159
03.06.25;16:30;22,487385
03.06.25;17:30;23,07872
03.06.25;18:30;22,64629
03.06.25;19:30;22,126457
03.06.25;20:30;20,814957
03.06.25;21:30;19,13347
03.06.25;22:30;18,101309
03.06.25;23:30;17,658564
04.06.25;00:30;17,364372
04.06.25;01:30;16,738995
04.06.25;02:30;16,131432
04.06.25;03:30;15,926047
04.06.25;04:30;15,707924
04.06.25;05:30;15,980136
04.06.25;06:30;17,612123
04.06.25;07:30;19,595448
04.06.25;08:30;21,371021
04.06.25;09:30;21,627232
04.06.25;10:30;23,17902
04.06.25;11:30;25,885416
04.06.25;12:30;27,399857
04.06.25;13:30;28,915352
04.06.25;14:30;30,104609
04.06.25;15:30;29,749891
04.06.25;16:30;29,812244
04.06.25;17:30;29,71284
04.06.25;18:30;28,551617
04.06.25;19:30;27,066525
04.06.25;20:30;26,2795
04.06.25;21:30;24,985657
04.06.25;22:30;22,499062
04.06.25;23:30;22,800638
05.06.25;00:30;20,356525
05.06.25;01:30;19,208141
05.06.25;02:30;17,778172
05.06.25;03:30;16,70044
05.06.25;04:30;16,097536
05.06.25;05:30;16,902235
05.06.25;06:30;18,463825
05.06.25;07:30;20,451172
05.06.25;08:30;21,731533
05.06.25;09:30;24,052315
05.06.25;10:30;26,013279
05.06.25;11:30;28,162216
05.06.25;12:30;29,194141
05.06.25;13:30;28,528831
05.06.25;14:30;28,120949
05.06.25;15:30;27,685265
05.06.25;16:30;27,383118
05.06.25;17:30;27,2534
05.06.25;18:30;26,266117
05.06.25;19:30;24,770193
05.06.25;20:30;24,321463
05.06.25;21:30;23,1664
05.06.25;22:30;21,625029
05.06.25;23:30;18,203995
06.06.25;00:30;17,23159
06.06.25;01:30;16,39758
06.06.25;02:30;15,792297
06.06.25;03:30;14,88284
06.06.25;04:30;14,522977
06.06.25;05:30;14,701704
06.06.25;06:30;16,81108
06.06.25;07:30;18,827915
06.06.25;08:30;21,35516
06.06.25;09:30;22,680498
06.06.25;10:30;24,114094
06.06.25;11:30;25,492615
06.06.25;12:30;26,620014
06.06.25;13:30;27,621948
06.06.25;14:30;28,230976
06.06.25;15:30;28,710032
06.06.25;16:30;28,684784
06.06.25;17:30;28,456234
06.06.25;18:30;27,98662
06.06.25;19:30;27,039547
06.06.25;20:30;25,276348
06.06.25;21:30;22,16768
06.06.25;22:30;20,25142
06.06.25;23:30;19,352558
07.06.25;00:30;19,276756
07.06.25;01:30;18,605175
07.06.25;02:30;17,66397
07.06.25;03:30;17,4283
07.06.25;04:30;17,527111
07.06.25;05:30;18,053867
07.06.25;06:30;19,42015
07.06.25;07:30;21,458313
07.06.25;08:30;23,115467
07.06.25;09:30;23,77117
07.06.25;10:30;25,21257
07.06.25;11:30;26,26971
07.06.25;12:30;27,264349
07.06.25;13:30;28,009071
07.06.25;14:30;28,68832
07.06.25;15:30;29,27791
07.06.25;16:30;29,847904
07.06.25;17:30;29,920269
07.06.25;18:30;28,70655
07.06.25;19:30;26,424473
07.06.25;20:30;23,596018
07.06.25;21:30;22,730843
07.06.25;22:30;21,715757
07.06.25;23:30;21,11499
08.06.25;00:30;20,299519
08.06.25;01:30;19,979706
08.06.25;02:30;19,44471
08.06.25;03:30;18,10648
08.06.25;04:30;18,021338
08.06.25;05:30;17,98753
08.06.25;06:30;18,587135
08.06.25;07:30;18,545092
08.06.25;08:30;18,566305
08.06.25;09:30;19,503742
08.06.25;10:30;20,251757
08.06.25;11:30;20,38161
08.06.25;12:30;16,921558
08.06.25;13:30;15,386845
08.06.25;14:30;14,897816
08.06.25;15:30;15,151064
08.06.25;16:30;14,88244
08.06.25;17:30;14,816635
08.06.25;18:30;14,47059
08.06.25;19:30;14,425451
08.06.25;20:30;14,507235
08.06.25;21:30;14,511522
08.06.25;22:30;14,457401
08.06.25;23:30;14,531801
09.06.25;00:30;14,6045475
09.06.25;01:30;14,723644
09.06.25;02:30;14,55485
09.06.25;03:30;14,301989
09.06.25;04:30;14,01288
09.06.25;05:30;13,813331
09.06.25;06:30;13,877369
09.06.25;07:30;15,267805
09.06.25;08:30;16,83149
09.06.25;09:30;16,498158
09.06.25;10:30;16,591686
09.06.25;11:30;17,613201
09.06.25;12:30;18,656975
09.06.25;13:30;19,335766
09.06.25;14:30;20,188469
09.06.25;15:30;20,716187
09.06.25;16:30;21,093042
09.06.25;17:30;20,897293
09.06.25;18:30;19,80165
09.06.25;19:30;18,842686
09.06.25;20:30;18,040203
09.06.25;21:30;16,914986
09.06.25;22:30;15,252278
09.06.25;23:30;14,053646
10.06.25;00:30;13,078025
10.06.25;01:30;12,338892
10.06.25;02:30;11,757519
10.06.25;03:30;11,295631
10.06.25;04:30;10,892509
10.06.25;05:30;11,137959
10.06.25;06:30;12,697832
10.06.25;07:30;14,843717
10.06.25;08:30;17,081694
10.06.25;09:30;18,675514
10.06.25;10:30;20,254028
10.06.25;11:30;21,311161
10.06.25;12:30;22,64833
10.06.25;13:30;23,590492
10.06.25;14:30;24,334976
10.06.25;15:30;24,768944
10.06.25;16:30;24,691212
10.06.25;17:30;24,688686
10.06.25;18:30;23,772099
10.06.25;19:30;22,519497
10.06.25;20:30;20,959747
10.06.25;21:30;18,6334
10.06.25;22:30;17,918232
10.06.25;23:30;17,050644
11.06.25;00:30;16,141226
11.06.25;01:30;15,397478
11.06.25;02:30;14,624877
11.06.25;03:30;13,971027
11.06.25;04:30;13,516111
11.06.25;05:30;13,885109
11.06.25;06:30;15,539602
11.06.25;07:30;17,681414
11.06.25;08:30;20,830877
11.06.25;09:30;23,27636
11.06.25;10:30;24,430622
11.06.25;11:30;24,943398
11.06.25;12:30;26,739618
11.06.25;13:30;26,953552
11.06.25;14:30;27,10069
11.06.25;15:30;27,464281
11.06.25;16:30;26,954071
11.06.25;17:30;26,267275
11.06.25;18:30;24,933979
11.06.25;19:30;23,598904
11.06.25;20:30;21,650764
11.06.25;21:30;20,380789
11.06.25;22:30;19,843327
11.06.25;23:30;19,173653
12.06.25;00:30;18,637093
12.06.25;01:30;18,353947
12.06.25;02:30;17,78545
12.06.25;03:30;16,681839
12.06.25;04:30;16,266834
12.06.25;05:30;16,867989
12.06.25;06:30;17,195095
12.06.25;07:30;17,415745
12.06.25;08:30;18,030071
12.06.25;09:30;19,250793
12.06.25;10:30;20,782726
12.06.25;11:30;21,879726
12.06.25;12:30;22,797165
12.06.25;13:30;23,595219
12.06.25;14:30;24,427383
12.06.25;15:30;24,773819
12.06.25;16:30;24,821764
12.06.25;17:30;24,717113
12.06.25;18:30;24,27228
12.06.25;19:30;23,515106
12.06.25;20:30;21,911114
12.06.25;21:30;19,494675
12.06.25;22:30;17,937016
12.06.25;23:30;17,074982
13.06.25;00:30;16,343506
13.06.25;01:30;15,858831
13.06.25;02:30;15,147284
13.06.25;03:30;14,586082
13.06.25;04:30;14,119265
13.06.25;05:30;14,378323
13.06.25;06:30;15,896789
13.06.25;07:30;17,975414
13.06.25;08:30;20,205769
13.06.25;09:30;22,006203
13.06.25;10:30;22,908895
13.06.25;11:30;23,763927
13.06.25;12:30;24,934227
13.06.25;13:30;25,87297
13.06.25;14:30;27,025932
13.06.25;15:30;27,289246
13.06.25;16:30;27,072212
13.06.25;17:30;26,677185
13.06.25;18:30;25,992004
13.06.25;19:30;24,46311
13.06.25;20:30;22,795664
13.06.25;21:30;20,598408
13.06.25;22:30;18,749454
13.06.25;23:30;17,377752
14.06.25;00:30;16,320929
14.06.25;01:30;15,555315
14.06.25;02:30;14,778944
14.06.25;03:30;14,287902
14.06.25;04:30;13,795389
14.06.25;05:30;14,041542
14.06.25;06:30;15,680736
14.06.25;07:30;17,954323
14.06.25;08:30;20,483719
14.06.25;09:30;21,870163
14.06.25;10:30;23,091518
14.06.25;11:30;24,225044
14.06.25;12:30;25,509844
14.06.25;13:30;26,454502
14.06.25;14:30;26,929354
14.06.25;15:30;27,250874
14.06.25;16:30;27,511314
14.06.25;17:30;27,402496
14.06.25;18:30;26,676907
14.06.25;19:30;25,775887
14.06.25;20:30;23,343876
14.06.25;21:30;21,01632
14.06.25;22:30;19,43644
14.06.25;23:30;18,41652
15.06.25;00:30;17,684874
15.06.25;01:30;17,057709
15.06.25;02:30;16,467373
15.06.25;03:30;15,890484
15.06.25;04:30;15,460215
15.06.25;05:30;15,730991
15.06.25;06:30;17,87658
15.06.25;07:30;19,994411
15.06.25;08:30;22,180061
15.06.25;09:30;24,276415
15.06.25;10:30;25,88802
15.06.25;11:30;27,355837
15.06.25;12:30;28,7565
15.06.25;13:30;29,92366
15.06.25;14:30;30,833817
15.06.25;15:30;30,441463
15.06.25;16:30;29,918001
15.06.25;17:30;30,441986
15.06.25;18:30;29,7819
15.06.25;19:30;27,838074
15.06.25;20:30;25,06046
15.06.25;21:30;23,231792
15.06.25;22:30;22,682655
15.06.25;23:30;22,88036
16.06.25;00:30;22,676067
16.06.25;01:30;23,500084
16.06.25;02:30;21,29518
16.06.25;03:30;21,571756
16.06.25;04:30;21,75573
16.06.25;05:30;21,202936
16.06.25;06:30;20,359568
16.06.25;07:30;20,707756
16.06.25;08:30;21,062336
16.06.25;09:30;21,65311
16.06.25;10:30;22,52792
16.06.25;11:30;23,782955
16.06.25;12:30;24,760574
16.06.25;13:30;24,948027
16.06.25;14:30;24,8154
16.06.25;15:30;25,00674
16.06.25;16:30;24,44368
16.06.25;17:30;23,652092
16.06.25;18:30;22,403639
16.06.25;19:30;21,047356
16.06.25;20:30;20,028017
16.06.25;21:30;19,320042
16.06.25;22:30;18,778889
16.06.25;23:30;18,544682
17.06.25;00:30;18,398638
17.06.25;01:30;17,76276
17.06.25;02:30;18,099274
17.06.25;03:30;18,129904
17.06.25;04:30;17,416224
17.06.25;05:30;17,090721
17.06.25;06:30;18,265003
17.06.25;10:30;20,884995
17.06.25;11:30;21,522385
17.06.25;12:30;22,40708
17.06.25;13:30;22,713207
17.06.25;14:30;21,832241
17.06.25;15:30;22,275166
17.06.25;16:30;23,316875
17.06.25;17:30;23,341267
17.06.25;18:30;23,247196
17.06.25;19:30;22,433567
17.06.25;20:30;20,235292
17.06.25;21:30;18,433577
17.06.25;22:30;17,265675
17.06.25;23:30;16,260315
18.06.25;00:30;15,753432
18.06.25;01:30;15,09197
18.06.25;02:30;14,667615
18.06.25;03:30;14,395903
18.06.25;04:30;14,0403805
18.06.25;05:30;14,401613
18.06.25;06:30;16,08715
18.06.25;07:30;18,47683
18.06.25;08:30;20,246515
18.06.25;09:30;22,649448
18.06.25;10:30;23,781944
18.06.25;11:30;24,782127
18.06.25;12:30;25,99363
18.06.25;13:30;27,028795
18.06.25;14:30;27,604517
18.06.25;15:30;28,548275
18.06.25;16:30;28,67242
18.06.25;17:30;27,99501
18.06.25;18:30;27,27126
18.06.25;19:30;25,848528
18.06.25;20:30;23,617218
18.06.25;21:30;21,35482
18.06.25;22:30;19,73207
18.06.25;23:30;18,851562
19.06.25;00:30;18,192553
19.06.25;01:30;17,600758
19.06.25;02:30;17,23539
19.06.25;03:30;16,99168
19.06.25;04:30;16,7361
19.06.25;05:30;17,306803
19.06.25;06:30;19,092403
19.06.25;07:30;21,543072
19.06.25;08:30;24,01108
19.06.25;09:30;26,280788
19.06.25;10:30;27,779623
19.06.25;11:30;29,079922
19.06.25;12:30;29,898815
19.06.25;13:30;30,299088
19.06.25;14:30;31,230858
19.06.25;15:30;31,502218
19.06.25;16:30;31,443432
19.06.25;17:30;31,599617
19.06.25;18:30;30,024223
19.06.25;19:30;28,849594
19.06.25;20:30;26,710342
19.06.25;21:30;24,92024
19.06.25;22:30;22,950434
19.06.25;23:30;21,740719
20.06.25;00:30;21,976202
20.06.25;01:30;21,043911
20.06.25;02:30;19,286104
20.06.25;03:30;17,811317
20.06.25;04:30;16,878002
20.06.25;05:30;17,154716
20.06.25;06:30;18,744308
20.06.25;07:30;19,720776
20.06.25;08:30;20,45226
20.06.25;09:30;20,990799
20.06.25;10:30;21,952808
20.06.25;11:30;22,853863
20.06.25;12:30;23,490932
20.06.25;13:30;24,576801
20.06.25;14:30;25,112038
20.06.25;15:30;25,564953
20.06.25;16:30;25,37959
20.06.25;17:30;25,093775
20.06.25;18:30;24,056805
20.06.25;19:30;23,300936
20.06.25;20:30;22,205433
20.06.25;21:30;20,424742
20.06.25;22:30;19,672798
20.06.25;23:30;18,656769
21.06.25;00:30;17,22718
21.06.25;01:30;16,807926
21.06.25;02:30;15,098967
21.06.25;03:30;14,189751
21.06.25;04:30;13,446322
21.06.25;05:30;13,545284
21.06.25;06:30;15,287489
21.06.25;07:30;17,533054
21.06.25;08:30;19,881107
21.06.25;09:30;20,850801
21.06.25;10:30;21,805853
21.06.25;11:30;22,682302
21.06.25;12:30;23,462664
21.06.25;13:30;24,483318
21.06.25;14:30;25,152655
21.06.25;15:30;25,502937
21.06.25;16:30;25,563557
21.06.25;17:30;25,52877
21.06.25;18:30;24,897331
21.06.25;19:30;23,731035
21.06.25;20:30;22,413506
21.06.25;21:30;19,706526
21.06.25;22:30;17,71764
21.06.25;23:30;16,754478
22.06.25;00:30;16,048662
22.06.25;01:30;15,307402
22.06.25;02:30;14,671551
22.06.25;03:30;14,110327
22.06.25;04:30;13,729298
22.06.25;05:30;14,290691
22.06.25;06:30;16,413778
22.06.25;07:30;18,685806
22.06.25;08:30;20,935415
22.06.25;09:30;23,088692
22.06.25;10:30;24,588764
22.06.25;11:30;25,639767
22.06.25;12:30;26,979664
22.06.25;13:30;28,27298
22.06.25;14:30;28,915003
22.06.25;15:30;29,532557
22.06.25;16:30;29,662514
22.06.25;17:30;29,57624
22.06.25;18:30;28,774067
22.06.25;19:30;27,306463
22.06.25;20:30;25,248718
22.06.25;21:30;22,257002
22.06.25;22:30;20,331444
22.06.25;23:30;19,529325
23.06.25;00:30;18,647625
23.06.25;01:30;17,84216
23.06.25;02:30;17,27482
23.06.25;03:30;16,857563
23.06.25;04:30;16,865343
23.06.25;05:30;17,778805
23.06.25;06:30;20,391697
23.06.25;07:30;22,524265
23.06.25;08:30;25,241583
23.06.25;09:30;27,8584
23.06.25;10:30;29,701588
23.06.25;11:30;31,228733
23.06.25;12:30;32,683838
23.06.25;13:30;33,553158
23.06.25;14:30;33,70601
23.06.25;15:30;33,498886
23.06.25;16:30;32,205547
23.06.25;17:30;27,897926
23.06.25;18:30;19,52213
23.06.25;19:30;19,781681
23.06.25;20:30;19,955978
23.06.25;21:30;19,598633
23.06.25;22:30;18,956417
23.06.25;23:30;19,022625
24.06.25;00:30;18,39536
24.06.25;01:30;18,653915
24.06.25;02:30;17,91958
24.06.25;03:30;17,55951
24.06.25;04:30;16,852612
24.06.25;05:30;16,91011
24.06.25;06:30;18,611826
24.06.25;07:30;20,845158
24.06.25;08:30;23,15395
24.06.25;09:30;24,996964
24.06.25;10:30;25,404503
24.06.25;11:30;26,464096
24.06.25;12:30;28,017036
24.06.25;13:30;28,902199
24.06.25;14:30;28,917404
24.06.25;15:30;29,63628
24.06.25;16:30;30,121296
24.06.25;17:30;30,222364
24.06.25;18:30;29,593483
24.06.25;19:30;28,564476
24.06.25;20:30;26,33176
24.06.25;21:30;23,805725
24.06.25;22:30;22,92231
24.06.25;23:30;22,590633
25.06.25;00:30;21,778484
25.06.25;01:30;20,82093
25.06.25;02:30;20,9459
25.06.25;03:30;20,431004
25.06.25;04:30;19,495083
25.06.25;05:30;19,133636
25.06.25;06:30;20,955017
25.06.25;07:30;23,041767
25.06.25;08:30;25,745876
25.06.25;09:30;27,895737
25.06.25;10:30;29,21112
25.06.25;11:30;30,225351
25.06.25;12:30;31,062069
25.06.25;13:30;31,948872
25.06.25;14:30;32,209625
25.06.25;15:30;33,0252
25.06.25;16:30;33,387875
25.06.25;17:30;33,110977
25.06.25;18:30;32,760223
25.06.25;19:30;31,244274
25.06.25;20:30;28,687632
25.06.25;21:30;26,234299
25.06.25;22:30;24,9189
25.06.25;23:30;24,138512
26.06.25;00:30;23,38726
26.06.25;01:30;22,884945
26.06.25;02:30;22,582453
26.06.25;03:30;22,44067
26.06.25;04:30;21,85711
26.06.25;05:30;21,785034
26.06.25;06:30;22,99303
26.06.25;07:30;24,733963
26.06.25;08:30;27,268208
26.06.25;09:30;29,855106
26.06.25;10:30;30,820213
26.06.25;11:30;31,813671
26.06.25;12:30;32,654266
26.06.25;13:30;33,567047
26.06.25;14:30;33,869232
26.06.25;15:30;32,436028
26.06.25;16:30;26,56036
26.06.25;17:30;18,78905
26.06.25;18:30;20,329596
26.06.25;19:30;21,753853
26.06.25;20:30;21,60628
26.06.25;21:30;20,69998
26.06.25;22:30;21,317333
26.06.25;23:30;19,95127
27.06.25;00:30;19,759186
27.06.25;01:30;19,97197
27.06.25;02:30;20,509968
27.06.25;03:30;19,315567
27.06.25;04:30;18,105705
27.06.25;05:30;19,237654
27.06.25;06:30;20,400219
27.06.25;07:30;21,223999
27.06.25;08:30;21,85038
27.06.25;09:30;23,984417
27.06.25;10:30;26,433207
27.06.25;11:30;25,839445
27.06.25;12:30;26,847347
27.06.25;13:30;27,941608
27.06.25;14:30;29,151093
27.06.25;15:30;29,584154
27.06.25;16:30;29,73479
27.06.25;17:30;28,20813
27.06.25;18:30;27,03843
27.06.25;19:30;26,11958
27.06.25;20:30;24,870522
27.06.25;21:30;23,617489
27.06.25;22:30;23,288319
27.06.25;23:30;22,44754
28.06.25;00:30;22,216488
28.06.25;01:30;21,210554
28.06.25;02:30;20,817808
28.06.25;03:30;20,528105
28.06.25;04:30;19,446692
28.06.25;05:30;19,745247
28.06.25;06:30;20,94606
28.06.25;07:30;21,962566
28.06.25;08:30;22,684906
28.06.25;09:30;24,417896
28.06.25;10:30;26,692648
28.06.25;11:30;28,435753
28.06.25;12:30;28,582573
28.06.25;13:30;28,51968
28.06.25;14:30;29,383436
28.06.25;15:30;29,70626
28.06.25;16:30;29,834898
28.06.25;17:30;29,830772
28.06.25;18:30;29,000578
28.06.25;19:30;27,945362
28.06.25;20:30;25,727264
28.06.25;21:30;23,086136
28.06.25;22:30;22,162785
28.06.25;23:30;20,942986
29.06.25;00:30;20,267502
29.06.25;01:30;19,79443
29.06.25;02:30;19,172752
29.06.25;03:30;18,649315
29.06.25;04:30;18,479744
29.06.25;05:30;18,83561
29.06.25;06:30;21,167969
29.06.25;07:30;23,43666
29.06.25;08:30;26,096733
29.06.25;09:30;28,724566
29.06.25;10:30;30,158772
29.06.25;11:30;30,49046
29.06.25;12:30;31,285019
29.06.25;13:30;31,970406
29.06.25;14:30;32,60266
29.06.25;15:30;33,452415
29.06.25;16:30;32,773422
29.06.25;17:30;33,09412
29.06.25;18:30;31,17772
29.06.25;19:30;29,25476
29.06.25;20:30;27,14027
29.06.25;21:30;26,080061
29.06.25;22:30;24,15594
29.06.25;23:30;22,96353
30.06.25;00:30;22,380848
30.06.25;01:30;22,048306
30.06.25;02:30;21,925041
30.06.25;03:30;20,876629
30.06.25;04:30;20,614357
30.06.25;05:30;20,702553
30.06.25;06:30;22,373043
30.06.25;07:30;24,335041
30.06.25;08:30;26,676752
30.06.25;09:30;28,388317
30.06.25;10:30;29,14904
30.06.25;11:30;30,051682
30.06.25;12:30;30,985685
30.06.25;13:30;32,20079
30.06.25;14:30;32,751625
30.06.25;15:30;32,74491
30.06.25;16:30;32,158287
30.06.25;17:30;31,520615
30.06.25;18:30;30,693928
30.06.25;19:30;29,382687
30.06.25;20:30;28,113874
30.06.25;21:30;27,029232
30.06.25;22:30;25,839064
30.06.25;23:30;24,017803
01.07.25;00:30;22,72823
01.07.25;01:30;21,888855
01.07.25;02:30;20,92886
01.07.25;03:30;20,044323
01.07.25;04:30;19,140032
01.07.25;05:30;19,643196
01.07.25;06:30;20,928478
01.07.25;07:30;21,424692
01.07.25;08:30;24,06036
01.07.25;09:30;25,005074
01.07.25;10:30;26,356192
01.07.25;11:30;27,396847
01.07.25;12:30;28,446209
01.07.25;13:30;29,358608
01.07.25;14:30;30,210056
01.07.25;15:30;30,532705
01.07.25;16:30;30,631891
01.07.25;17:30;30,1702
01.07.25;18:30;29,395515
01.07.25;19:30;28,424946
01.07.25;20:30;25,99847
01.07.25;21:30;23,42401
01.07.25;22:30;21,857754
01.07.25;23:30;20,884388
02.07.25;00:30;20,29594
02.07.25;01:30;19,44516
02.07.25;02:30;18,71907
02.07.25;03:30;18,13338
02.07.25;04:30;17,75394
02.07.25;05:30;18,013134
02.07.25;06:30;19,885986
02.07.25;07:30;22,327015
02.07.25;08:30;24,792921
02.07.25;09:30;27,197884
02.07.25;10:30;28,842802
02.07.25;11:30;29,664183
02.07.25;12:30;30,34662
02.07.25;13:30;31,523262
02.07.25;14:30;31,959736
02.07.25;15:30;32,247776
02.07.25;16:30;32,30452
02.07.25;17:30;32,02877
02.07.25;18:30;31,402237
02.07.25;19:30;29,965723
02.07.25;20:30;27,80373
02.07.25;21:30;24,847206
02.07.25;22:30;22,62925
02.07.25;23:30;21,532661
03.07.25;00:30;20,762672
03.07.25;01:30;19,908825
03.07.25;02:30;19,089035
03.07.25;03:30;18,496525
03.07.25;04:30;17,998554
03.07.25;05:30;18,153988
03.07.25;06:30;20,234737
03.07.25;07:30;23,06797
03.07.25;08:30;25,168386
03.07.25;09:30;27,36449
03.07.25;10:30;29,565203
03.07.25;11:30;31,006386
03.07.25;12:30;32,23577
03.07.25;13:30;33,38716
03.07.25;14:30;34,002106
03.07.25;15:30;34,52956
03.07.25;16:30;33,37338
03.07.25;17:30;31,040213
03.07.25;18:30;29,553707
03.07.25;19:30;27,726376
03.07.25;20:30;26,506811
03.07.25;21:30;25,96222
03.07.25;22:30;25,696804
03.07.25;23:30;25,550148
04.07.25;00:30;25,335318
04.07.25;01:30;25,002678
04.07.25;02:30;23,817738
04.07.25;03:30;22,74215
04.07.25;04:30;22,41127
04.07.25;05:30;22,108688
04.07.25;06:30;22,526867
04.07.25;07:30;23,255194
04.07.25;08:30;21,714327
04.07.25;09:30;22,625387
04.07.25;10:30;24,309277
04.07.25;11:30;25,315483
04.07.25;12:30;27,148521
04.07.25;13:30;21,51456
04.07.25;14:30;20,851328
04.07.25;15:30;22,429317
04.07.25;16:30;23,89714
04.07.25;17:30;24,110006
04.07.25;18:30;24,02185
04.07.25;19:30;22,923916
04.07.25;20:30;21,33126
04.07.25;21:30;19,957067
04.07.25;22:30;19,371895
04.07.25;23:30;18,70831
05.07.25;00:30;18,288054
05.07.25;01:30;17,97845
05.07.25;02:30;17,641678
05.07.25;03:30;17,714691
05.07.25;04:30;17,847126
05.07.25;05:30;18,022097
05.07.25;06:30;18,87064
05.07.25;07:30;20,416454
05.07.25;08:30;21,869692
05.07.25;09:30;23,063057
05.07.25;10:30;23,966003
05.07.25;11:30;24,962627
05.07.25;12:30;26,46317
05.07.25;13:30;27,565966
05.07.25;14:30;28,199207
05.07.25;15:30;28,669159
05.07.25;16:30;28,84858
05.07.25;17:30;28,226429
05.07.25;18:30;27,689415
05.07.25;19:30;26,840878
05.07.25;20:30;24,728992
05.07.25;21:30;23,414423
05.07.25;22:30;22,86127
05.07.25;23:30;22,442577
06.07.25;00:30;23,03822
06.07.25;01:30;22,53519
06.07.25;02:30;21,86504
06.07.25;03:30;21,388626
06.07.25;04:30;20,669765
06.07.25;05:30;20,340408
06.07.25;06:30;21,20578
06.07.25;07:30;23,049305
06.07.25;08:30;25,02599
06.07.25;09:30;26,473179
06.07.25;10:30;28,191051
06.07.25;11:30;29,26844
06.07.25;12:30;30,39464
06.07.25;13:30;30,71686
06.07.25;14:30;31,008156
06.07.25;15:30;31,099316
06.07.25;16:30;29,784195
06.07.25;17:30;23,559254
06.07.25;18:30;23,608265
06.07.25;19:30;24,234516
06.07.25;20:30;22,692951
06.07.25;21:30;22,050253
06.07.25;22:30;21,35304
06.07.25;23:30;21,330008
07.07.25;00:30;20,332203
07.07.25;01:30;19,801558
07.07.25;02:30;19,474289
07.07.25;03:30;19,03946
07.07.25;04:30;18,547678
07.07.25;05:30;18,3875
07.07.25;06:30;18,543438
07.07.25;07:30;18,35056
07.07.25;08:30;17,896744
07.07.25;09:30;16,854536
07.07.25;10:30;16,35341
07.07.25;11:30;16,81911
07.07.25;12:30;18,950047
07.07.25;13:30;19,9189
07.07.25;14:30;20,960102
07.07.25;15:30;21,78284
07.07.25;16:30;22,340399
07.07.25;17:30;22,626951
07.07.25;18:30;22,139027
07.07.25;19:30;20,976868
07.07.25;20:30;19,803707
07.07.25;21:30;18,884132
07.07.25;22:30;18,69905
07.07.25;23:30;18,545418
08.07.25;00:30;17,584747
08.07.25;01:30;16,742949
08.07.25;02:30;15,978237
08.07.25;03:30;15,548637
08.07.25;04:30;14,674276
08.07.25;05:30;14,559464
08.07.25;06:30;14,822271
08.07.25;07:30;15,2449045
08.07.25;08:30;15,313141
08.07.25;09:30;14,284706
08.07.25;10:30;13,827556
08.07.25;11:30;13,56493
08.07.25;12:30;13,712027
08.07.25;13:30;14,678058
08.07.25;14:30;15,799817
08.07.25;15:30;16,682041
08.07.25;16:30;16,559597
08.07.25;17:30;16,739437
08.07.25;18:30;16,353806
08.07.25;19:30;15,947783
08.07.25;20:30;15,8791275
08.07.25;21:30;15,821163
08.07.25;22:30;15,442394
08.07.25;23:30;15,767602
09.07.25;00:30;16,012815
09.07.25;01:30;15,876753
09.07.25;02:30;15,923149
09.07.25;03:30;15,525591
09.07.25;04:30;15,492424
09.07.25;05:30;15,824505
09.07.25;06:30;16,468512
09.07.25;07:30;16,83878
09.07.25;08:30;17,215847
09.07.25;10:30;19,240292
09.07.25;11:30;19,683674
09.07.25;12:30;20,316904
09.07.25;13:30;21,048267
09.07.25;14:30;21,690052
09.07.25;15:30;21,746479
09.07.25;16:30;21,88536
09.07.25;17:30;21,28035
09.07.25;18:30;20,842709
09.07.25;19:30;19,59881
09.07.25;20:30;18,409452
09.07.25;21:30;16,963596
09.07.25;22:30;15,69647
09.07.25;23:30;14,527807
10.07.25;00:30;13,9143095
10.07.25;01:30;13,442455
10.07.25;02:30;12,82468
10.07.25;03:30;11,987632
10.07.25;04:30;11,322237
10.07.25;05:30;11,455937
10.07.25;06:30;13,893286
10.07.25;07:30;17,054783
10.07.25;08:30;20,104118
10.07.25;09:30;20,755552
10.07.25;10:30;20,67294
10.07.25;11:30;20,84016
10.07.25;12:30;21,759787
10.07.25;13:30;22,375263
10.07.25;14:30;22,324196
10.07.25;15:30;21,646873
10.07.25;16:30;20,235825
10.07.25;17:30;20,056923
10.07.25;18:30;20,050344
10.07.25;19:30;19,025236
10.07.25;20:30;18,317265
10.07.25;21:30;17,4446
10.07.25;22:30;17,127672
10.07.25;23:30;16,713911
11.07.25;00:30;17,237577
11.07.25;01:30;15,885231
11.07.25;02:30;14,436178
11.07.25;03:30;13,755406
11.07.25;04:30;13,916961
11.07.25;05:30;14,138208
11.07.25;06:30;14,193226
11.07.25;08:30;19,153168
11.07.25;09:30;20,686916
11.07.25;10:30;21,028042
11.07.25;11:30;21,920511
11.07.25;12:30;22,931387
11.07.25;13:30;21,808395
11.07.25;14:30;19,975014
11.07.25;15:30;19,233627
11.07.25;16:30;20,746155
11.07.25;17:30;19,925611
11.07.25;18:30;19,485584
11.07.25;19:30;18,66071
11.07.25;20:30;17,457647
11.07.25;21:30;15,829187
11.07.25;22:30;14,347741
11.07.25;23:30;13,838864
12.07.25;00:30;14,080001
12.07.25;01:30;14,309779
12.07.25;02:30;14,158259
12.07.25;03:30;13,5225725
12.07.25;04:30;13,356145
12.07.25;05:30;13,645786
12.07.25;06:30;14,804161
12.07.25;07:30;16,823603
12.07.25;08:30;18,053709
12.07.25;09:30;19,691822
12.07.25;10:30;20,98795
12.07.25;11:30;20,983185
12.07.25;12:30;21,401543
12.07.25;13:30;22,10963
12.07.25;14:30;22,861471
12.07.25;15:30;23,020294
12.07.25;16:30;23,542902
12.07.25;17:30;23,35709
12.07.25;18:30;22,929688
12.07.25;19:30;22,185026
12.07.25;20:30;20,055511
12.07.25;21:30;18,83049
12.07.25;22:30;19,067144
12.07.25;23:30;19,044048
13.07.25;00:30;17,63588
13.07.25;01:30;16,862106
13.07.25;02:30;16,010633
13.07.25;03:30;15,4247
13.07.25;04:30;14,922869
13.07.25;05:30;14,969077
13.07.25;06:30;16,688122
13.07.25;07:30;18,811157
13.07.25;08:30;20,65554
13.07.25;09:30;21,597403
13.07.25;10:30;23,832796
13.07.25;11:30;25,148895
13.07.25;12:30;26,350462
13.07.25;13:30;27,7047
13.07.25;14:30;28,86161
13.07.25;15:30;29,341442
13.07.25;16:30;29,58145
13.07.25;17:30;27,510666
13.07.25;18:30;24,536797
13.07.25;19:30;19,411167
13.07.25;20:30;18,77819
13.07.25;21:30;18,46959
13.07.25;22:30;18,295347
13.07.25;23:30;17,746273
14.07.25;00:30;17,257309
14.07.25;01:30;17,018559
14.07.25;02:30;17,048925
14.07.25;03:30;17,064255
14.07.25;04:30;17,040436
14.07.25;05:30;17,549858
14.07.25;06:30;18,812494
14.07.25;07:30;20,825768
14.07.25;08:30;23,082455
14.07.25;09:30;25,224773
14.07.25;10:30;27,68848
14.07.25;11:30;28,862503
14.07.25;12:30;29,29749
14.07.25;13:30;30,43884
14.07.25;14:30;24,358852
14.07.25;15:30;18,781189
14.07.25;16:30;18,89207
14.07.25;17:30;20,139383
14.07.25;18:30;20,499105
14.07.25;19:30;20,16198
14.07.25;20:30;18,925636
14.07.25;21:30;18,346184
14.07.25;22:30;17,836689
14.07.25;23:30;17,116383
15.07.25;00:30;16,93714
15.07.25;01:30;17,54797
15.07.25;02:30;17,546715
15.07.25;03:30;17,450123
15.07.25;04:30;17,431154
15.07.25;05:30;17,310602
15.07.25;06:30;17,72713
15.07.25;07:30;19,886856
15.07.25;08:30;22,335144
15.07.25;09:30;24,503311
15.07.25;10:30;26,468353
15.07.25;11:30;26,98293
15.07.25;12:30;28,304895
15.07.25;13:30;29,206268
15.07.25;14:30;28,9843
15.07.25;15:30;29,164955
15.07.25;16:30;28,2818
15.07.25;17:30;25,796692
15.07.25;18:30;25,743439
15.07.25;19:30;24,5023
15.07.25;20:30;23,101559
15.07.25;21:30;22,23732
15.07.25;22:30;21,069225
15.07.25;23:30;20,217007
16.07.25;00:30;19,689709
16.07.25;01:30;19,336327
16.07.25;02:30;18,715141
16.07.25;03:30;18,207478
16.07.25;04:30;18,04809
16.07.25;05:30;18,261309
16.07.25;06:30;18,496525
16.07.25;07:30;18,909409
16.07.25;08:30;19,84906
16.07.25;09:30;20,6301
16.07.25;10:30;21,655857
16.07.25;11:30;21,928646
16.07.25;12:30;22,191986
16.07.25;13:30;22,565853
16.07.25;14:30;23,345154
16.07.25;15:30;23,965508
16.07.25;16:30;23,983372
16.07.25;17:30;23,493849
16.07.25;18:30;22,952494
16.07.25;19:30;21,79918
16.07.25;20:30;19,524044
16.07.25;21:30;18,354975
16.07.25;22:30;17,00632
16.07.25;23:30;16,37833
17.07.25;00:30;15,746862
17.07.25;01:30;14,922166
17.07.25;02:30;14,725763
17.07.25;03:30;14,795849
17.07.25;04:30;14,585538
17.07.25;05:30;14,444498
17.07.25;06:30;14,501398
17.07.25;07:30;16,620945
17.07.25;08:30;17,752712
17.07.25;09:30;18,935581
17.07.25;10:30;20,371433
17.07.25;11:30;21,387844
17.07.25;12:30;21,943277
17.07.25;13:30;22,85068
17.07.25;14:30;22,643055
17.07.25;15:30;21,964935
17.07.25;16:30;21,07751
17.07.25;17:30;20,756725
17.07.25;18:30;20,122131
17.07.25;19:30;19,089314
17.07.25;20:30;17,376987
17.07.25;21:30;16,039469
17.07.25;22:30;15,077248
17.07.25;23:30;14,977564
18.07.25;00:30;15,021639
18.07.25;01:30;14,916784
18.07.25;02:30;15,067839
18.07.25;03:30;14,8660345
18.07.25;04:30;14,432402
18.07.25;05:30;14,753515
18.07.25;06:30;15,1735525
18.07.25;07:30;16,563137
18.07.25;08:30;18,051235
18.07.25;09:30;20,886398
18.07.25;10:30;22,925549
18.07.25;11:30;24,5353
18.07.25;12:30;25,324512
18.07.25;13:30;26,099495
18.07.25;14:30;27,09341
18.07.25;15:30;26,969791
18.07.25;16:30;24,731506
18.07.25;17:30;24,291042
18.07.25;18:30;23,657516
18.07.25;19:30;23,069458
18.07.25;20:30;20,982767
18.07.25;21:30;19,657429
18.07.25;22:30;18,151493
18.07.25;23:30;17,648218
19.07.25;00:30;16,936184
19.07.25;01:30;16,373842
19.07.25;02:30;16,167454
19.07.25;03:30;16,085808
19.07.25;04:30;15,57718
19.07.25;05:30;15,155533
19.07.25;06:30;16,532444
19.07.25;07:30;18,71003
19.07.25;08:30;20,849726
19.07.25;09:30;22,482332
19.07.25;10:30;23,775059
19.07.25;11:30;25,061794
19.07.25;12:30;26,2485
19.07.25;13:30;27,14559
19.07.25;14:30;27,726559
19.07.25;15:30;28,069565
19.07.25;16:30;28,366798
19.07.25;17:30;27,996765
19.07.25;18:30;27,716503
19.07.25;19:30;26,382019
19.07.25;20:30;24,138828
19.07.25;21:30;22,767944
19.07.25;22:30;22,020123
19.07.25;23:30;21,92937
20.07.25;00:30;21,84211
20.07.25;01:30;20,218855
20.07.25;02:30;19,754467
20.07.25;03:30;19,83813
20.07.25;04:30;19,472418
20.07.25;05:30;19,222645
20.07.25;06:30;19,411077
20.07.25;07:30;19,914318
20.07.25;08:30;20,953835
20.07.25;09:30;22,786007
20.07.25;10:30;25,23396
20.07.25;11:30;26,844357
20.07.25;12:30;28,195217
20.07.25;13:30;28,87781
20.07.25;14:30;29,511295
20.07.25;15:30;29,652258
20.07.25;16:30;30,052681
20.07.25;17:30;29,762047
20.07.25;18:30;28,946472
20.07.25;19:30;27,587574
20.07.25;20:30;24,905495
20.07.25;21:30;23,161392
20.07.25;22:30;22,277012
20.07.25;23:30;21,52161
21.07.25;00:30;20,652252
21.07.25;01:30;20,019398
21.07.25;02:30;19,476723
21.07.25;03:30;18,895527
21.07.25;04:30;18,573637
21.07.25;05:30;18,646425
21.07.25;06:30;20,390594
21.07.25;07:30;22,647926
21.07.25;08:30;24,476265
21.07.25;09:30;26,674526
21.07.25;10:30;28,522337
21.07.25;11:30;29,529352
21.07.25;12:30;29,718777
21.07.25;13:30;31,285313
21.07.25;14:30;31,810799
21.07.25;15:30;30,951252
21.07.25;16:30;30,626156
21.07.25;17:30;28,818499
21.07.25;18:30;25,83641
21.07.25;19:30;21,607513
21.07.25;20:30;20,855953
21.07.25;21:30;20,068459
21.07.25;22:30;18,444668
21.07.25;23:30;18,553703
22.07.25;00:30;17,736965
22.07.25;01:30;16,267033
22.07.25;02:30;15,375338
22.07.25;03:30;14,68163
22.07.25;04:30;14,198317
22.07.25;05:30;14,542868
22.07.25;06:30;16,307833
22.07.25;07:30;18,793085
22.07.25;08:30;20,889885
22.07.25;09:30;22,96503
22.07.25;10:30;24,897512
22.07.25;11:30;25,447025
22.07.25;12:30;26,3857
22.07.25;13:30;27,5171
22.07.25;14:30;27,535875
22.07.25;15:30;27,835451
22.07.25;16:30;27,778038
22.07.25;17:30;27,336525
22.07.25;18:30;26,09856
22.07.25;19:30;23,980865
22.07.25;20:30;19,31341
22.07.25;21:30;18,641249
22.07.25;22:30;18,725368
22.07.25;23:30;19,046509
23.07.25;00:30;19,336346
23.07.25;01:30;19,169876
23.07.25;02:30;18,884254
23.07.25;03:30;18,976171
23.07.25;04:30;18,19028
23.07.25;05:30;18,374657
23.07.25;06:30;18,927319
23.07.25;07:30;19,216688
23.07.25;08:30;20,035984
23.07.25;09:30;21,402304
23.07.25;10:30;22,21556
23.07.25;11:30;23,235033
23.07.25;12:30;23,67224
23.07.25;13:30;24,426903
23.07.25;14:30;25,021132
23.07.25;15:30;25,666636
23.07.25;16:30;26,358822
23.07.25;17:30;26,799454
23.07.25;18:30;26,608107
23.07.25;19:30;25,229828
23.07.25;20:30;22,271078
23.07.25;21:30;21,150486
23.07.25;22:30;20,35787
23.07.25;23:30;20,467716
24.07.25;00:30;21,466377
24.07.25;01:30;20,720697
24.07.25;02:30;19,86057
24.07.25;03:30;19,353655
24.07.25;04:30;18,681158
24.07.25;05:30;18,530626
24.07.25;06:30;19,121002
24.07.25;07:30;21,01274
24.07.25;08:30;22,20271
24.07.25;09:30;23,664211
24.07.25;10:30;24,243614
24.07.25;11:30;23,752316
24.07.25;12:30;24,819353
24.07.25;13:30;26,243225
24.07.25;14:30;27,666405
24.07.25;15:30;27,71174
24.07.25;16:30;27,873352
24.07.25;17:30;27,552235
24.07.25;18:30;23,47784
24.07.25;19:30;22,234905
24.07.25;20:30;21,386345
24.07.25;21:30;21,924473
24.07.25;22:30;21,37698
24.07.25;23:30;20,085552
25.07.25;00:30;19,36129
25.07.25;01:30;18,417519
25.07.25;02:30;17,480623
25.07.25;03:30;16,767284
25.07.25;04:30;16,645115
25.07.25;05:30;16,556774
25.07.25;06:30;18,143993
25.07.25;07:30;19,26586
25.07.25;08:30;19,5999
25.07.25;09:30;20,89003
25.07.25;10:30;21,956982
25.07.25;11:30;22,664845
25.07.25;12:30;23,05762
25.07.25;13:30;23,056726
25.07.25;14:30;22,795393
25.07.25;15:30;23,004677
25.07.25;16:30;22,822094
25.07.25;17:30;22,315567
25.07.25;18:30;21,805744
25.07.25;19:30;21,367981
25.07.25;20:30;20,717308
25.07.25;21:30;20,30705
25.07.25;22:30;19,87131
25.07.25;23:30;19,333862
26.07.25;00:30;18,560406
26.07.25;01:30;18,23408
26.07.25;02:30;18,035442
26.07.25;03:30;17,818241
26.07.25;04:30;17,613358
26.07.25;05:30;17,642014
26.07.25;06:30;17,623402
26.07.25;07:30;17,301052
26.07.25;08:30;17,211685
26.07.25;09:30;17,112843
26.07.25;10:30;17,32624
26.07.25;11:30;18,156685
26.07.25;12:30;19,398678
26.07.25;13:30;21,03137
26.07.25;14:30;22,504585
26.07.25;15:30;22,771402
26.07.25;16:30;21,972282
26.07.25;17:30;22,28539
26.07.25;18:30;21,990013
26.07.25;19:30;21,01281
26.07.25;20:30;20,505726
26.07.25;21:30;19,71156
26.07.25;22:30;19,127983
26.07.25;23:30;18,778196
27.07.25;00:30;18,67408
27.07.25;01:30;18,214527
27.07.25;02:30;18,112957
27.07.25;03:30;18,023952
27.07.25;04:30;18,225798
27.07.25;05:30;18,003645
27.07.25;06:30;18,994024
27.07.25;07:30;20,24864
27.07.25;08:30;20,42833
27.07.25;09:30;20,488295
27.07.25;10:30;21,24041
27.07.25;11:30;20,964268
27.07.25;12:30;21,395218
27.07.25;13:30;22,469574
27.07.25;14:30;24,279488
27.07.25;15:30;24,91847
27.07.25;16:30;24,57843
27.07.25;17:30;24,567448
27.07.25;18:30;22,951794
27.07.25;19:30;21,971823
27.07.25;20:30;19,64541
27.07.25;21:30;18,397873
27.07.25;22:30;17,439758
27.07.25;23:30;16,273392
28.07.25;00:30;16,05589
28.07.25;01:30;16,25282
28.07.25;02:30;16,655006
28.07.25;03:30;16,50461
28.07.25;04:30;16,373981
28.07.25;05:30;16,292461
28.07.25;06:30;16,81567
28.07.25;07:30;17,391783
28.07.25;08:30;19,743662
28.07.25;09:30;21,22779
28.07.25;10:30;21,957994
28.07.25;12:30;24,253197
28.07.25;13:30;24,364052
28.07.25;14:30;22,685642
28.07.25;15:30;19,399307
28.07.25;16:30;20,580898
28.07.25;17:30;20,559076
28.07.25;18:30;20,311115
28.07.25;19:30;19,83444
28.07.25;20:30;20,09628
28.07.25;21:30;20,50634
28.07.25;22:30;19,917095
28.07.25;23:30;19,910004
29.07.25;00:30;19,429974
29.07.25;01:30;19,41595
29.07.25;02:30;19,073956
29.07.25;03:30;18,543879
29.07.25;04:30;18,634075
29.07.25;05:30;18,662077
29.07.25;06:30;18,48197
29.07.25;07:30;18,482172
29.07.25;08:30;19,12693
29.07.25;09:30;19,533392
29.07.25;10:30;19,899319
29.07.25;11:30;20,596043
29.07.25;12:30;21,135252
29.07.25;13:30;21,150162
29.07.25;14:30;21,746262
29.07.25;15:30;21,422401
29.07.25;16:30;20,59243
29.07.25;17:30;19,600937
29.07.25;18:30;20,138084
29.07.25;19:30;19,930927
29.07.25;20:30;18,370388
29.07.25;21:30;16,784668
29.07.25;22:30;15,762581
29.07.25;23:30;15,335817
30.07.25;00:30;15,198349
30.07.25;01:30;14,58242
30.07.25;02:30;14,914547
30.07.25;03:30;14,739187
30.07.25;04:30;14,89266
30.07.25;05:30;14,476772
30.07.25;06:30;15,09517
30.07.25;07:30;16,966194
30.07.25;08:30;19,676493
30.07.25;09:30;21,470726
30.07.25;10:30;22,595493
30.07.25;11:30;22,606102
30.07.25;12:30;23,562637
30.07.25;13:30;23,836063
30.07.25;14:30;24,831554
30.07.25;15:30;24,757679
30.07.25;16:30;24,797298
30.07.25;17:30;24,870132
30.07.25;18:30;23,795383
30.07.25;19:30;22,263847
30.07.25;20:30;19,891275
30.07.25;21:30;18,478569
30.07.25;22:30;18,25219
30.07.25;23:30;18,79907
31.07.25;00:30;18,323978
31.07.25;01:30;17,818058
31.07.25;02:30;16,585804
31.07.25;03:30;16,26709
31.07.25;04:30;16,116592
31.07.25;05:30;16,118084
31.07.25;06:30;17,13086
31.07.25;07:30;18,390968
31.07.25;08:30;19,820621
31.07.25;09:30;21,619823
31.07.25;10:30;22,711782
31.07.25;11:30;21,435184
31.07.25;12:30;19,131613
31.07.25;13:30;22,682585
31.07.25;14:30;23,979836
31.07.25;15:30;24,689379
31.07.25;16:30;24,88913
31.07.25;17:30;24,232834
31.07.25;18:30;23,451603
31.07.25;19:30;21,644234
31.07.25;20:30;20,030384
31.07.25;21:30;19,192616
31.07.25;22:30;18,113468
31.07.25;23:30;17,092127
01.08.25;00:30;16,11832
01.08.25;01:30;15,475041
01.08.25;02:30;15,30316
01.08.25;03:30;15,211893
01.08.25;04:30;14,4728985
01.08.25;05:30;14,11273
01.08.25;06:30;15,732645
01.08.25;07:30;16,884602
01.08.25;08:30;18,72109
01.08.25;09:30;21,129301
01.08.25;10:30;22,435753
01.08.25;11:30;23,66729
01.08.25;12:30;24,35326
01.08.25;13:30;25,630943
01.08.25;14:30;26,56033
01.08.25;15:30;24,930714
01.08.25;16:30;18,97247
01.08.25;17:30;17,153822
01.08.25;18:30;17,150219
01.08.25;19:30;17,158218
01.08.25;20:30;16,733084
01.08.25;21:30;16,008976
01.08.25;22:30;15,807394
01.08.25;23:30;15,339732
02.08.25;00:30;14,573783
02.08.25;01:30;14,072042
02.08.25;02:30;13,888496
02.08.25;03:30;13,903123
02.08.25;04:30;13,871866
02.08.25;05:30;13,870387
02.08.25;06:30;15,327021
02.08.25;07:30;16,110226
02.08.25;08:30;18,627811
02.08.25;09:30;20,331314
02.08.25;10:30;21,362062
02.08.25;11:30;20,822813
02.08.25;12:30;20,402885
02.08.25;13:30;20,980682
02.08.25;14:30;21,525856
02.08.25;15:30;21,483213
02.08.25;16:30;21,037605
02.08.25;17:30;19,428638
02.08.25;18:30;17,4757
02.08.25;19:30;17,057392
02.08.25;20:30;16,357231
02.08.25;21:30;16,062435
02.08.25;22:30;16,045946
02.08.25;23:30;15,972037
03.08.25;00:30;15,6471
03.08.25;01:30;14,673998
03.08.25;02:30;14,521009
03.08.25;03:30;14,209569
03.08.25;04:30;13,633055
03.08.25;05:30;13,419302
03.08.25;06:30;14,201944
03.08.25;07:30;15,124397
03.08.25;08:30;15,857485
03.08.25;09:30;17,479118
03.08.25;10:30;18,584873
03.08.25;11:30;19,955196
03.08.25;12:30;21,475351
03.08.25;13:30;21,687452
03.08.25;14:30;21,963688
03.08.25;15:30;20,528164
03.08.25;16:30;19,681187
03.08.25;17:30;19,655285
03.08.25;18:30;19,94
03.08.25;19:30;18,829002
03.08.25;20:30;16,46607
03.08.25;21:30;15,275932
03.08.25;22:30;14,715166
03.08.25;23:30;14,527346
04.08.25;00:30;14,667948
04.08.25;01:30;14,248991
04.08.25;02:30;13,926035
04.08.25;03:30;13,826092
04.08.25;04:30;12,627021
04.08.25;05:30;12,085384
04.08.25;06:30;14,175846
04.08.25;07:30;17,486528
04.08.25;08:30;20,169376
04.08.25;09:30;21,655432
04.08.25;10:30;22,31102
04.08.25;11:30;23,12117
04.08.25;12:30;23,82227
04.08.25;13:30;24,29813
04.08.25;14:30;24,062881
04.08.25;15:30;23,001163
04.08.25;16:30;22,077469
04.08.25;17:30;19,579243
04.08.25;18:30;18,380283
04.08.25;19:30;18,057053
04.08.25;20:30;17,449852
04.08.25;21:30;16,837822
04.08.25;22:30;16,042286
04.08.25;23:30;14,969113
05.08.25;00:30;14,388664
05.08.25;01:30;13,663641
05.08.25;02:30;13,189516
05.08.25;03:30;12,442692
05.08.25;04:30;12,100088
05.08.25;05:30;11,720942
05.08.25;06:30;13,09495
05.08.25;07:30;15,340603
05.08.25;08:30;17,28204
05.08.25;09:30;19,421207
05.08.25;10:30;21,167551
05.08.25;11:30;22,552711
05.08.25;12:30;23,650768
05.08.25;13:30;24,823593
05.08.25;14:30;25,577053
05.08.25;15:30;26,318783
05.08.25;16:30;26,5014
05.08.25;17:30;26,23848
05.08.25;18:30;25,116549
05.08.25;19:30;24,215694
05.08.25;20:30;22,257128
05.08.25;21:30;20,99206
05.08.25;22:30;20,329815
05.08.25;23:30;19,736322
06.08.25;00:30;19,71963
06.08.25;01:30;19,484818
06.08.25;02:30;19,052437
06.08.25;03:30;18,517466
06.08.25;04:30;19,734276
06.08.25;05:30;20,492989
06.08.25;06:30;20,001461
06.08.25;07:30;19,719671
06.08.25;08:30;19,773926
06.08.25;09:30;19,878107
06.08.25;10:30;21,042486
06.08.25;11:30;21,958813
06.08.25;12:30;22,77499
06.08.25;13:30;23,724241
06.08.25;14:30;23,863525
06.08.25;15:30;23,581081
06.08.25;16:30;23,258205
06.08.25;17:30;22,651543
06.08.25;18:30;22,089682
06.08.25;19:30;20,515327
06.08.25;20:30;18,216255
06.08.25;21:30;16,504257
06.08.25;22:30;15,660263
06.08.25;23:30;15,421525
07.08.25;00:30;15,064537
07.08.25;01:30;14,446396
07.08.25;02:30;13,862469
07.08.25;03:30;13,349941
07.08.25;04:30;12,924772
07.08.25;05:30;12,581489
07.08.25;06:30;13,469715
07.08.25;07:30;15,574639
07.08.25;08:30;18,02798
07.08.25;09:30;20,097376
07.08.25;10:30;21,514917
07.08.25;11:30;22,169983
07.08.25;12:30;23,078594
07.08.25;13:30;24,059772
07.08.25;14:30;24,819942
07.08.25;15:30;25,210243
07.08.25;16:30;25,543606
07.08.25;17:30;25,605099
07.08.25;18:30;24,962708
07.08.25;19:30;23,174305
07.08.25;20:30;20,500988
07.08.25;21:30;18,650427
07.08.25;22:30;17,614883
07.08.25;23:30;16,938358
08.08.25;00:30;16,513973
08.08.25;01:30;16,149813
08.08.25;02:30;16,048378
08.08.25;03:30;16,058657
08.08.25;04:30;15,0506735
08.08.25;05:30;14,816769
08.08.25;06:30;16,129625
08.08.25;07:30;19,135202
08.08.25;08:30;21,032587
08.08.25;09:30;23,24799
08.08.25;10:30;25,172497
08.08.25;11:30;26,749306
08.08.25;12:30;27,814852
08.08.25;13:30;29,091366
08.08.25;14:30;30,233154
08.08.25;15:30;30,889843
08.08.25;16:30;31,138893
08.08.25;17:30;31,00509
08.08.25;18:30;30,144001
08.08.25;19:30;27,855549
08.08.25;20:30;24,641754
08.08.25;21:30;22,200493
08.08.25;22:30;21,43089
08.08.25;23:30;20,575556
09.08.25;00:30;19,914253
09.08.25;01:30;19,63821
09.08.25;02:30;19,167202
09.08.25;03:30;18,59608
09.08.25;04:30;18,333477
09.08.25;05:30;17,979233
09.08.25;06:30;18,99927
09.08.25;07:30;21,401958
09.08.25;08:30;23,609665
09.08.25;09:30;26,53199
09.08.25;10:30;28,91721
09.08.25;11:30;30,269272
09.08.25;12:30;31,193338
09.08.25;13:30;32,082172
09.08.25;14:30;32,366234
09.08.25;15:30;32,890717
09.08.25;16:30;32,852516
09.08.25;17:30;32,5011
09.08.25;18:30;31,66497
09.08.25;19:30;28,882875
09.08.25;20:30;25,837475
09.08.25;21:30;23,896599
09.08.25;22:30;23,244358
09.08.25;23:30;22,435621
10.08.25;00:30;21,78965
10.08.25;01:30;21,378307
10.08.25;02:30;21,014816
10.08.25;03:30;21,368061
10.08.25;04:30;21,138304
10.08.25;05:30;21,26336
10.08.25;06:30;22,69742
10.08.25;07:30;24,346157
10.08.25;08:30;26,413355
10.08.25;09:30;28,280174
10.08.25;10:30;30,152313
10.08.25;11:30;31,760742
10.08.25;12:30;33,066727
10.08.25;13:30;33,90605
10.08.25;14:30;34,294796
10.08.25;15:30;32,341652
10.08.25;16:30;30,285286
10.08.25;17:30;29,833033
10.08.25;18:30;29,283484
10.08.25;19:30;28,655392
10.08.25;20:30;26,881516
10.08.25;21:30;25,620888
10.08.25;22:30;23,988632
10.08.25;23:30;22,631363
11.08.25;00:30;22,747078
11.08.25;01:30;22,209164
11.08.25;02:30;21,750446
11.08.25;03:30;21,003206
11.08.25;04:30;20,164871
11.08.25;05:30;19,492193
11.08.25;06:30;19,811508
11.08.25;07:30;21,141453
11.08.25;08:30;21,527771
11.08.25;09:30;21,752327
11.08.25;10:30;22,395176
11.08.25;11:30;23,341406
11.08.25;12:30;24,051367
11.08.25;13:30;25,6081
11.08.25;14:30;26,281488
11.08.25;15:30;26,9449
11.08.25;16:30;26,993006
11.08.25;17:30;27,010336
11.08.25;18:30;25,904453
11.08.25;19:30;24,665588
11.08.25;20:30;22,297592
11.08.25;21:30;20,609764
11.08.25;22:30;19,844791
11.08.25;23:30;19,191319
12.08.25;00:30;18,375732
12.08.25;01:30;17,770735
12.08.25;02:30;17,156704
12.08.25;03:30;16,658203
12.08.25;04:30;16,411055
12.08.25;05:30;16,071503
12.08.25;06:30;16,775906
12.08.25;07:30;18,898273
12.08.25;08:30;21,272665
12.08.25;09:30;23,59216
12.08.25;10:30;25,135788
12.08.25;11:30;26,27554
12.08.25;12:30;27,347927
12.08.25;13:30;28,153763
12.08.25;14:30;28,742876
